REGION,OFFICE,USER_NAME,LAST_ACTIVE
Gauteng,Alexandra,AllegraM,2022/11/24 15:45:43
Gauteng,Alexandra,DimakatsoS,2022/12/12 14:20:42
Gauteng,Alexandra,MduduziMa,2022/12/09 15:16:17
Gauteng,Alexandra,SibongileM,2022/08/30 15:54:16
Gauteng,Archie Gumede,CFogwillA,2022/05/11 12:33:25
Gauteng,Archie Gumede,NoncebaMg,2022/03/25 11:28:13
Gauteng,Benoni,MatshidisoTs,2021/03/31 13:57:08
Gauteng,Benoni,MaureenNy,2022/12/02 15:11:57
Gauteng,Benoni,SithembisileP,2021/01/19 12:40:55
Gauteng,Benoni,XitshembhisoM,2022/12/12 14:49:21
Gauteng,Bronkhorstspruit,LindaMa,2022/03/11 14:16:00
Gauteng,Bronkhorstspruit,SamuelMac,2022/01/11 12:58:59
Gauteng,Carletonville,Agnes,2022/11/29 09:05:06
Gauteng,Carletonville,AubreyMon,2022/11/09 09:45:05
Gauteng,Carletonville,CikizwaMh,2022/12/05 13:50:30
Gauteng,Carletonville,MosadiemangM,2022/11/22 08:08:24
Gauteng,Carletonville,TshegofatsoM,2022/12/05 15:24:01
Gauteng,Carletonville,VuyiswaB,2022/10/19 12:28:13
Gauteng,Chiawelo,SisandaM,2022/12/05 14:53:37
Gauteng,De Aar,NozukoD,2021/11/09 15:58:41
Gauteng,Delmas,SbonganganiM,2022/09/23 12:33:21
Gauteng,Dipaleseng,PhilisiweN,2020/06/11 14:37:39
Gauteng,Dobsonville,LindiweNg,2022/02/22 15:16:03
Gauteng,Duduza,CynthiaX,2022/12/09 09:48:50
Gauteng,Duduza,DelisileMa,2022/11/29 15:50:12
Gauteng,Duduza,JamesMos,2022/12/02 11:39:24
Gauteng,Duduza,PuseletsoS,2022/11/29 14:11:46
Gauteng,EC_Region,SithembeleD,2022/05/05 14:41:51
Gauteng,Eerste River,BenjaminO,2022/01/26 09:02:15
Gauteng,Ekangala,MartinsM,2022/09/15 15:09:46
Gauteng,Ekangala,RichardMac,2022/03/01 11:36:24
Gauteng,Ekangala,TebogoMog,2021/10/07 17:00:26
Gauteng,Eldorado Park,AgreementD,2021/01/26 12:24:23
Gauteng,Eldorado Park,AgreementM,2022/05/10 14:26:39
Gauteng,Eldorado Park,EdwardS,2022/09/22 11:45:16
Gauteng,Eldorado Park,FatimaB,2021/10/08 09:34:03
Gauteng,Eldorado Park,JobereM,2022/07/27 15:27:40
Gauteng,Eldorado Park,MosetsanagapeNk,2022/12/12 10:58:48
Gauteng,Eldorado Park,PoshiaW,2022/05/10 14:28:02
Gauteng,Eldorado Park,RachelP,2022/05/10 14:33:17
Gauteng,Eldorado Park,RobertaK,2022/12/02 08:08:14
Gauteng,Eldorado Park,StanleyMa,2022/05/10 15:36:29
Gauteng,Ennerdale,MelanieD,2022/12/12 13:07:27
Gauteng,Ennerdale,PalesaMap,2022/11/11 16:02:03
Gauteng,Ennerdale,SudetteT,2022/12/07 13:50:08
Gauteng,Estcourt,ZakahleN,2022/11/22 11:34:34
Gauteng,FS_Region,CillieM,2020/10/27 14:09:53
Gauteng,FS_Region,GrannyM,2020/10/27 09:20:54
Gauteng,FS_Region,HopeK,2020/06/26 11:49:47
Gauteng,FS_Region,MMaditsiA,2021/07/06 13:37:30
Gauteng,Flagstaff,LuvuyoB,2022/06/13 15:42:57
Gauteng,GP_Region,AkoM,2021/03/23 10:16:55
Gauteng,GP_Region,AllitaT,2022/12/12 12:17:37
Gauteng,GP_Region,AmandaTi,2020/03/19 18:17:26
Gauteng,GP_Region,AndileMvemve,2021/08/10 11:01:23
Gauteng,GP_Region,AnnahMo,2022/12/08 15:05:59
Gauteng,GP_Region,AthiswaD,2021/03/17 15:35:43
Gauteng,GP_Region,AudreyBe,2021/02/20 14:39:07
Gauteng,GP_Region,AyandaMq,2021/01/17 14:48:53
Gauteng,GP_Region,BMasilelaA,2020/09/08 09:09:18
Gauteng,GP_Region,BenjaminG,2022/12/08 10:48:21
Gauteng,GP_Region,BoitshokoM,2021/03/25 19:12:41
Gauteng,GP_Region,BridgethB,2021/01/29 16:53:39
Gauteng,GP_Region,BusisiweBal,2021/03/23 11:47:21
Gauteng,GP_Region,CatherineMol,2022/12/12 13:57:05
Gauteng,GP_Region,CathrineMah,2020/03/19 16:52:57
Gauteng,GP_Region,ChristinaMa,2021/03/23 14:43:39
Gauteng,GP_Region,CynthiaS,2020/02/23 11:58:49
Gauteng,GP_Region,DavidN,2021/03/30 12:12:28
Gauteng,GP_Region,DeliaVW,2021/01/24 12:59:28
Gauteng,GP_Region,DenisT,2022/03/24 14:53:22
Gauteng,GP_Region,DineoMo1,2022/11/29 11:32:19
Gauteng,GP_Region,DineoR,2021/03/18 14:33:27
Gauteng,GP_Region,DorothyNg,2022/12/07 12:02:43
Gauteng,GP_Region,EdithB,2022/02/18 08:46:01
Gauteng,GP_Region,EdnaS,2020/03/19 08:57:14
Gauteng,GP_Region,ElizabethB,2021/02/12 08:57:51
Gauteng,GP_Region,FabianF,2020/03/19 07:56:32
Gauteng,GP_Region,FlorahD,2022/12/12 15:14:45
Gauteng,GP_Region,FumaneM,2021/02/27 14:40:45
Gauteng,GP_Region,JSmith1A,2020/11/10 11:22:19
Gauteng,GP_Region,JSmithA,2022/11/28 07:37:12
Gauteng,GP_Region,JabulileM,2022/12/12 11:38:59
Gauteng,GP_Region,JuniorM,2022/12/12 12:55:37
Gauteng,GP_Region,JusticeC,2021/03/08 10:23:24
Gauteng,GP_Region,KatlegoKo,2020/03/12 18:58:03
Gauteng,GP_Region,KomanisiN,2022/12/06 11:30:31
Gauteng,GP_Region,LetlhogonoloH,2022/11/28 10:35:09
Gauteng,GP_Region,LindiweMado,2021/03/18 10:12:26
Gauteng,GP_Region,LuciaT,2020/12/18 14:55:43
Gauteng,GP_Region,LungileZu,2022/12/07 11:21:09
Gauteng,GP_Region,MakatitjaneM,2021/03/23 11:54:21
Gauteng,GP_Region,MakibitiM,2021/03/13 15:58:10
Gauteng,GP_Region,MalefuSe,2022/12/08 09:46:12
Gauteng,GP_Region,MapasekaK,2021/03/24 13:03:34
Gauteng,GP_Region,MathabathaM,2022/03/02 11:26:55
Gauteng,GP_Region,MildredSe,2021/12/02 09:16:02
Gauteng,GP_Region,MolebogengMa,2021/03/23 11:00:24
Gauteng,GP_Region,MolletRa,2022/11/08 11:32:33
Gauteng,GP_Region,MvuyisiM,2021/03/24 10:35:51
Gauteng,GP_Region,NBoqwanaA,2023/03/01 10:57:51
Gauteng,GP_Region,Nelly,2021/03/20 11:05:12
Gauteng,GP_Region,NickoM,2023/03/13 11:55:37
Gauteng,GP_Region,NicoleL,2021/01/09 13:57:58
Gauteng,GP_Region,NokuzolaD,2022/12/12 14:39:13
Gauteng,GP_Region,Nomfundot,2021/03/16 14:32:27
Gauteng,GP_Region,NomsaC,2020/03/20 16:21:54
Gauteng,GP_Region,NomsaSo,2021/03/30 12:51:17
Gauteng,GP_Region,NoncebaCa,2021/03/13 16:19:50
Gauteng,GP_Region,NormanSe,2021/03/08 14:47:53
Gauteng,GP_Region,OfentseP,2021/02/18 14:44:02
Gauteng,GP_Region,PalesaMan,2020/03/26 09:17:20
Gauteng,GP_Region,PalesaMog,2022/11/18 14:12:48
Gauteng,GP_Region,PalesaR,2021/02/11 14:00:20
Gauteng,GP_Region,Patience,2022/12/07 13:42:14
Gauteng,GP_Region,PatienceR,2020/11/02 12:58:04
Gauteng,GP_Region,PfareloR,2022/12/08 10:00:17
Gauteng,GP_Region,PhutiMo,2021/03/18 13:40:57
Gauteng,GP_Region,RamaselaS,2021/01/30 14:58:50
Gauteng,GP_Region,RefilweN,2021/03/02 15:37:12
Gauteng,GP_Region,SammyMat,2021/03/14 15:18:05
Gauteng,GP_Region,SarahMf,2020/03/03 15:14:07
Gauteng,GP_Region,SeipatiK,2021/03/18 12:11:53
Gauteng,GP_Region,SesameK,2021/03/18 18:00:24
Gauteng,GP_Region,ShahidaH,2022/08/23 12:17:36
Gauteng,GP_Region,SisandaJ,2020/03/11 18:20:39
Gauteng,GP_Region,SphesihleZ,2021/03/30 12:34:57
Gauteng,GP_Region,ThamiT,2021/03/21 14:13:30
Gauteng,GP_Region,ThapeloMat,2021/09/29 12:26:07
Gauteng,GP_Region,ThatoK,2022/12/12 13:14:41
Gauteng,GP_Region,ThatoMol,2022/03/31 10:51:55
Gauteng,GP_Region,ThembekaS,2022/09/02 08:14:57
Gauteng,GP_Region,TholakeleMa,2022/10/26 13:17:12
Gauteng,GP_Region,TiffanyB,2020/07/14 07:36:23
Gauteng,GP_Region,TitusMa,2022/12/12 13:27:48
Gauteng,GP_Region,TsekiM,2020/03/23 15:46:42
Gauteng,GP_Region,TumeloMotsosi,2022/11/01 13:33:21
Gauteng,GP_Region,UmeshV,2022/11/25 09:47:46
Gauteng,GP_Region,VanessaV,2020/03/20 09:30:12
Gauteng,GP_Region,VincentM,2021/02/16 13:02:16
Gauteng,GP_Region,VincentMot,2022/12/12 14:36:16
Gauteng,GP_Region,WinnieN,2020/03/18 13:39:15
Gauteng,GP_Region,YonaP,2021/03/18 15:21:21
Gauteng,GP_Region,YondelaF,2021/01/23 11:47:06
Gauteng,GP_Region,YvetteO,2021/03/19 15:09:43
Gauteng,GP_Region,ZNxumaloA,2022/09/23 10:23:28
Gauteng,GP_Region,ZamaM,2021/03/17 17:19:54
Gauteng,GP_Region,ZwelibanziM,2020/03/23 17:39:06
Gauteng,GP_Region,asandan,2022/06/25 13:56:38
Gauteng,GP_Region,gordonl,2022/12/12 12:57:02
Gauteng,GP_Region,kagisot,2022/12/12 13:35:26
Gauteng,GP_Region,magdelines,2022/12/05 10:17:39
Gauteng,GP_Region,sandramo,2022/12/02 10:13:00
Gauteng,GP_Region,sophies,2022/05/19 14:08:11
Gauteng,GP_Region,vuyokazim,2022/11/14 14:25:24
Gauteng,Ga -Rankuwa / Mabopane,HalalaB,2022/11/30 12:25:26
Gauteng,Ga -Rankuwa / Mabopane,MariaMakg,2022/12/05 14:22:59
Gauteng,Ga -Rankuwa / Mabopane,SelinaR,2022/11/30 15:21:23
Gauteng,Ga -Rankuwa / Mabopane,SelloZ,2022/12/07 10:48:44
Gauteng,Ga -Rankuwa / Mabopane,TebogoMasi,2022/12/02 15:17:21
Gauteng,Ga -Rankuwa / Mabopane,TinyikoC,2022/03/24 14:02:23
Gauteng,George,HopeW,2022/04/01 14:41:59
Gauteng,George,NokugcinaN,2022/05/24 09:47:16
Gauteng,Germiston,JackMog,2023/05/05 14:16:24
Gauteng,Germiston,OlebogengMot,2022/11/24 11:28:42
Gauteng,Germiston,PiliswaM,2022/11/17 13:09:42
Gauteng,Germiston,SylviaDu,2022/11/21 12:49:45
Gauteng,Giyani local office,GrannyR,2021/05/27 12:02:36
Gauteng,Graaff-Reinet,AyandaTaf,2022/06/07 09:26:49
Gauteng,Greenvalley,FinestM,2021/11/19 17:26:26
Gauteng,Gugulethu,PumlaL,2022/06/28 08:34:54
Gauteng,Hartswater,JohannaW,2022/03/18 11:19:32
Gauteng,Heidelberg,NoliqwaM,2022/12/09 13:32:46
Gauteng,Heidelberg,PriscillaMh,2021/03/09 11:33:26
Gauteng,Heidelberg,ThaboSea,2022/08/23 11:12:17
Gauteng,Impendle,EstherSe,2022/09/06 15:27:38
Gauteng,Itsoseng (Ditsobotla),PhemeloL,2021/12/09 10:03:24
Gauteng,Johannesburg,ConsolationM,2022/06/06 11:06:02
Gauteng,Johannesburg,DorcasFa,2022/11/24 11:39:02
Gauteng,Johannesburg,GraceMod,2022/12/07 12:59:02
Gauteng,Johannesburg,KelebogileMol,2022/12/06 15:14:33
Gauteng,Johannesburg,MapuleMa,2022/12/12 15:34:17
Gauteng,Johannesburg,NyikoM,2021/03/30 14:21:42
Gauteng,Johannesburg,PhumeleleMy,2022/10/20 14:16:39
Gauteng,Johannesburg,SibuleleN,2022/12/12 08:56:36
Gauteng,Johannesburg,ZandileNt,2022/12/12 15:50:12
Gauteng,KZN_Region,NtombezinePSi,2022/02/15 11:19:13
Gauteng,KZN_Region,ThembelihleNa,2022/09/16 07:48:56
Gauteng,KZN_Region,VelemseniM,2022/07/01 08:58:22
Gauteng,Kagiso,BrendaE,2022/11/08 09:27:25
Gauteng,Kagiso,GwenMa,2022/12/07 08:48:40
Gauteng,Kagiso,JamesMat,2022/12/12 12:13:48
Gauteng,Keimoes,BradleyG,2021/11/19 13:29:03
Gauteng,Kempton Park,MMalapelaA,2021/12/07 14:36:02
Gauteng,Khutsong,KelebogileMa,2022/12/12 09:53:07
Gauteng,Khutsong,OscarMokhawa,2022/12/05 10:10:55
Gauteng,Khutsong,PrincessMhasa,2022/01/21 13:00:50
Gauteng,Khutsong,RuphusM,2021/09/16 15:59:02
Gauteng,Khutsong,StellaP,2022/12/02 14:03:46
Gauteng,Khutsong,VuyisaS,2021/06/10 09:56:48
Gauteng,Kroonstad,SempenyaneN,2022/08/30 11:00:38
Gauteng,Krugersdorp,MarinaB,2022/12/12 15:57:46
Gauteng,Krugersdorp,PetronellaJvR,2022/05/30 07:53:08
Gauteng,Krugersdorp,PriscillaMo,2021/09/08 08:28:10
Gauteng,Krugersdorp,RorisangMo,2021/03/31 14:24:43
Gauteng,Kwa-Thema,SilindeloN,2022/12/09 13:57:30
Gauteng,Kwadukuza (Stanger),NokuphilaMa,2022/01/18 11:44:03
Gauteng,Leboeng,SelinahMo,2021/12/17 08:19:35
Gauteng,Lenasia,BerthaS,2022/12/06 15:50:06
Gauteng,Lenasia,LornaM,2022/12/07 08:29:02
Gauteng,Lenasia,MageziH,2021/06/01 12:06:55
Gauteng,Lenasia,SannahM,2022/12/05 15:44:55
Gauteng,Libode,LydiaM1,2022/03/04 10:33:51
Gauteng,Mafatsane,BrianRa,2022/11/08 07:51:57
Gauteng,Mafatsane,LechaenaM,2022/12/08 15:34:30
Gauteng,Mafatsane,MatebohoH,2022/11/18 08:38:40
Gauteng,Makwarela,NtshengedzeniN,2021/11/05 15:44:39
Gauteng,Mamelodi,DavidMbuvha,2022/12/07 09:58:29
Gauteng,Mamelodi,MirandaMo,2022/12/07 13:43:32
Gauteng,Manguza,Siphozw,2022/04/13 15:19:07
Gauteng,Mbazwane,MabuthoT,2022/09/13 09:39:58
Gauteng,Merafong / Fochville,SibasaL,2022/12/05 13:40:32
Gauteng,Meyerton,MatebohoHa,2022/12/09 15:55:38
Gauteng,Meyerton,Patricial,2022/12/12 09:14:21
Gauteng,Midrand,MaleratoM,2022/10/20 14:53:36
Gauteng,Midrand,PortiaMal,2022/12/08 09:51:13
Gauteng,Midrand,TshilidziN,2022/12/08 14:54:09
Gauteng,Mkobola,NancyM,2022/09/27 09:43:53
Gauteng,Mondlo,GcinokwakheAD,2022/06/30 12:26:24
Gauteng,Mooi River,SanelePM,2021/12/23 09:43:49
Gauteng,New Hanover,OwenM,2022/07/12 10:23:06
Gauteng,Orange Farm,AmukelaniM,2022/12/12 15:27:25
Gauteng,Orange Farm,AnitaT,2022/12/12 14:39:48
Gauteng,Orange Farm,BonganiP,2022/09/29 12:26:42
Gauteng,Orlando,BookerMa,2022/03/08 14:30:57
Gauteng,Orlando,JacobethN,2022/12/07 08:58:44
Gauteng,Orlando,MorolongM,2022/12/01 15:11:03
Gauteng,Orlando,ShimmyM,2022/12/05 12:27:53
Gauteng,Petrusville,AudreyLak,2021/11/16 11:45:38
Gauteng,Pinetown,NokulungaS,2021/12/09 08:46:57
Gauteng,Pretoria,ElwasM,2022/11/30 14:50:17
Gauteng,Pretoria,PankieS,2021/09/14 14:10:53
Gauteng,Pretoria,SheloniaL,2022/12/12 13:27:28
Gauteng,Pretoria,SimthandileS,2022/12/12 13:17:17
Gauteng,Queenstown,AsandaMak,2022/07/29 13:01:30
Gauteng,QwaQwa,LikeleliMa,2022/09/02 12:57:04
Gauteng,QwaQwa,NthabisengMat,2022/04/11 15:15:43
Gauteng,Randfontein,GomolemoM,2021/03/19 09:56:05
Gauteng,Randfontein,JongumziMa,2021/05/03 13:44:39
Gauteng,Randfontein,LindiweZwa,2022/12/08 13:07:08
Gauteng,Randfontein,MandlaMo,2021/02/11 11:20:47
Gauteng,Randfontein,MosimaMo,2021/03/30 14:37:59
Gauteng,Randfontein,OticiaM,2022/10/14 11:19:47
Gauteng,Randfontein,ShirleyS,2022/12/12 11:05:49
Gauteng,Ratanda,ThembisileTw,2022/12/12 13:32:30
Gauteng,Roodepan,GloriaMo,2021/11/10 15:37:48
Gauteng,Roodepoort,LindiweSe,2022/11/14 14:52:56
Gauteng,Roodepoort,MihlotiMT,2022/12/07 10:00:03
Gauteng,Roodepoort,NthabelengMd,2021/03/09 12:58:05
Gauteng,Roodepoort,ThabaniM,2022/12/10 15:34:38
Gauteng,Sebokeng,MaserameS,2022/12/12 12:30:41
Gauteng,Sebokeng,SelinaNt,2022/11/29 14:33:17
Gauteng,Sebokeng,SesieN,2022/12/09 12:58:50
Gauteng,Seshego,MasiloM,2022/02/22 12:54:51
Gauteng,Soshanguve,GraceMe,2022/08/31 15:21:29
Gauteng,Soshanguve,GraceMor,2022/12/12 09:13:14
Gauteng,Soshanguve,KwenaN,2021/12/29 13:42:18
Gauteng,Soshanguve,NokwandaMaq,2021/03/31 12:01:35
Gauteng,Soshanguve,NontobekoN,2022/12/12 14:19:38
Gauteng,Soshanguve,SophieMa,2022/01/19 15:20:53
Gauteng,Soshanguve,ThokozaniB,2021/11/15 15:46:49
Gauteng,Soshanguve,VictoriaMat,2022/11/22 15:46:41
Gauteng,Soshanguve,YolandaJ,2022/12/12 15:18:29
Gauteng,Soshanguve,jonathanmar,2022/10/25 15:46:34
Gauteng,Soweto,CarolineM,2021/08/27 10:14:48
Gauteng,Soweto,DuduP,2022/10/18 15:48:59
Gauteng,Soweto,KgetjaM,2022/12/12 14:29:56
Gauteng,Soweto,MatshidisoMa,2021/03/24 10:53:43
Gauteng,Soweto,NthabisengL,2022/12/07 08:19:58
Gauteng,Springbok Central Office,ChristinaMd,2022/02/24 09:50:27
Gauteng,Springs,LuciaD,2022/10/19 09:49:38
Gauteng,Springs,MatebohoS,2022/12/08 15:33:36
Gauteng,Springs,NdlelentleM,2022/07/29 12:06:03
Gauteng,Springs,PuseletsoNk,2021/07/02 15:35:30
Gauteng,Springs,ZaneleMaz,2022/12/12 09:09:22
Gauteng,Tembisa,LindiweR,2022/12/02 13:05:47
Gauteng,Tembisa,RebeccaM,2022/12/12 15:05:19
Gauteng,Themba ,CollinM,2022/03/22 13:36:29
Gauteng,Themba ,EzekielM,2021/10/25 12:15:13
Gauteng,Themba ,IsabelM,2022/12/12 15:57:42
Gauteng,Themba ,KatlegoHa,2022/12/12 12:53:30
Gauteng,Themba ,MavisMai,2021/09/10 12:40:06
Gauteng,Themba ,MeisieM,2022/03/30 15:49:58
Gauteng,Themba ,PercyR,2021/12/14 14:57:26
Gauteng,Themba ,PrinceNt,2021/09/10 11:54:55
Gauteng,Thokoza,BonganeDla,2022/10/26 10:43:50
Gauteng,Thokoza,VictoriaK,2022/12/12 10:22:02
Gauteng,Thulamahashe,SharlotK,2022/09/27 15:09:05
Gauteng,Tonga,ElijahN,2022/04/29 08:20:28
Gauteng,Tsakane,DanisileT,2022/12/06 14:33:30
Gauteng,Tsakane,ThembinkosiP,2022/11/22 10:45:59
Gauteng,Umbumbulu,SicebiN,2022/06/03 09:47:02
Gauteng,Umlazi,SibusisoNx,2022/08/05 14:08:52
Gauteng,Vereeniging,BerniceN,2022/12/12 11:55:31
Gauteng,Vereeniging,DimakatsoG,2022/12/01 10:30:22
Gauteng,Vereeniging,MathaboMo,2022/07/01 10:54:24
Gauteng,Vereeniging,MotshidisiMo,2022/11/30 11:04:32
Gauteng,Vereeniging,NozikaR,2022/11/23 09:42:50
Gauteng,Vereeniging,PatienceT,2022/12/09 14:33:49
Gauteng,Vosloorus,InnocentiaMo,2021/10/01 15:19:24
Gauteng,Vosloorus,KentseMa,2022/07/13 12:10:32
Gauteng,Vosloorus,MduduziMthombeni,2022/01/31 10:23:17
Gauteng,Vosloorus,NomvulaSi,2021/07/29 11:42:05
Gauteng,Vosloorus,PreciousNko,2021/12/01 13:29:13
Gauteng,Vosloorus,PreciousSi,2022/12/12 15:26:07
Gauteng,Vosloorus,SihleD,2022/12/12 13:46:39
Gauteng,WC_Region,AMboyaneA,2023/04/28 07:20:05
Gauteng,Welkom,RufusM,2022/06/03 13:49:12
Gauteng,Zastron local office,NomathembaM,2022/08/29 11:34:18
